{
	"LAFERS":
	{
		"Navigator":	{
			"Navigator":	{
				"FILL":	[[5, 0, 0, 13747387, 0, 0, -0, -0]]
			},
			"LineColor":10498160
		},
		"HScrollbar":	{
			"Anchor":	{
				"FILL":	[[9, 0, 16315891, 15590365, 1, 1, -1, 7], [9, 0, 14734022, 12824220, 1, 8, -1, -1]],
				"LINE":	[[2, 1, 9398101, 0, 0, -0, 0], [2, 1, 9398101, 0, 0, 0, -0], [2, 1, 9398101, -0, 0, -0, -0], [2, 1, 9398101, 0, -0, -0, -0], [2, 1, 9274235, [0.500000, -2], 4, [0.500000, -2], -3], [2, 1, 9274235, 0.500000, 4, 0.500000, -3], [2, 1, 9274235, [0.500000, 2], 4, [0.500000, 2], -3], [2, 1, 9274235, [0.500000, 4], 4, [0.500000, 4], -3], [2, 1, 16777215, [0.500000, -3], 3, [0.500000, -3], -4], [2, 1, 16777215, [0.500000, -1], 3, [0.500000, -1], -4], [2, 1, 16777215, [0.500000, 1], 3, [0.500000, 1], -4], [2, 1, 16777215, [0.500000, 3], 3, [0.500000, 3], -4]]
			},
			"AnchorEnter":	{
				"FILL":	[[9, 0, 16442064, 16178119, 1, 1, -1, 7], [9, 0, 15779494, 14727579, 1, 8, -1, -1]],
				"LINE":	[[2, 1, 11562556, 0, 0, -0, 0], [2, 1, 11562556, 0, 0, 0, -0], [2, 1, 11562556, -0, 0, -0, -0], [2, 1, 11562556, 0, -0, -0, -0], [2, 1, 9274235, [0.500000, -2], 4, [0.500000, -2], -3], [2, 1, 9274235, 0.500000, 4, 0.500000, -3], [2, 1, 9274235, [0.500000, 2], 4, [0.500000, 2], -3], [2, 1, 9274235, [0.500000, 4], 4, [0.500000, 4], -3], [2, 1, 16777215, [0.500000, -3], 3, [0.500000, -3], -4], [2, 1, 16777215, [0.500000, -1], 3, [0.500000, -1], -4], [2, 1, 16777215, [0.500000, 1], 3, [0.500000, 1], -4], [2, 1, 16777215, [0.500000, 3], 3, [0.500000, 3], -4]]
			},
			"AnchorPress":	{
				"FILL":	[[9, 0, 16240303, 15910306, 1, 1, -1, 7], [9, 0, 15377003, 14325604, 1, 8, -1, -1]],
				"LINE":	[[2, 1, 9062679, 0, 0, -0, 0], [2, 1, 9062679, 0, 0, 0, -0], [2, 1, 9062679, -0, 0, -0, -0], [2, 1, 9062679, 0, -0, -0, -0], [2, 1, 16777215, [0.500000, -2], 4, [0.500000, -2], -3], [2, 1, 16777215, 0.500000, 4, 0.500000, -3], [2, 1, 16777215, [0.500000, 2], 4, [0.500000, 2], -3], [2, 1, 16777215, [0.500000, 4], 4, [0.500000, 4], -3], [2, 1, 9274235, [0.500000, -3], 3, [0.500000, -3], -4], [2, 1, 9274235, [0.500000, -1], 3, [0.500000, -1], -4], [2, 1, 9274235, [0.500000, 1], 3, [0.500000, 1], -4], [2, 1, 9274235, [0.500000, 3], 3, [0.500000, 3], -4]]
			},
			"BackGround":	{
				"FILL":	[[5, 0, 0, 12753016, 0, 0, -0, -0]],
				"LINE":	[[2, 1, 12621687, 0, 0, -0, 0], [2, 1, 12424309, 0, 1, -0, 1], [2, 1, 12950909, 0, -1, -0, -1], [2, 1, 13148804, 0, -0, -0, -0]]
			},
			"ButtonEnd":	{
				"FILL":	[[5, 0, 0, 15854825, -15, 1, -1, 7], [5, 0, 0, 14140339, -15, 7, -1, -1], [4, 0, 0, 6507330, -4, 7, -8, 3, -8, -3]],
				"LINE":	[[2, 1, 9398102, -0, 0, -14, 0], [2, 1, 9398102, -0, 0, -0, -0], [2, 1, 9398102, -14, 0, -14, -0], [2, 1, 9398102, -0, -0, -14, -0]]
			},
			"ButtonEndEnter":	{
				"FILL":	[[5, 0, 0, 15586496, -15, 1, -1, 7], [5, 0, 0, 14135957, -15, 7, -1, -1], [4, 0, 0, 6507330, -4, 7, -8, 3, -8, -3]],
				"LINE":	[[2, 1, 11562556, -0, 0, -14, 0], [2, 1, 11562556, -0, 0, -0, -0], [2, 1, 11562556, -14, 0, -14, -0], [2, 1, 11562556, -0, -0, -14, -0]]
			},
			"ButtonEndPress":	{
				"FILL":	[[5, 0, 0, 15055772, -15, 1, -1, 7], [5, 0, 0, 14520929, -15, 7, -1, -1], [4, 0, 0, 6507330, -4, 7, -8, 3, -8, -3]],
				"LINE":	[[2, 1, 9062679, -0, 0, -14, 0], [2, 1, 9062679, -0, 0, -0, -0], [2, 1, 9062679, -14, 0, -14, -0], [2, 1, 9062679, -0, -0, -14, -0]]
			},
			"ButtonHome":	{
				"FILL":	[[5, 0, 0, 15854825, 1, 1, 15, 7], [5, 0, 0, 14140339, 1, 7, 15, -1], [4, 0, 0, 6507330, 5, 7, 9, 3, 9, -3]],
				"LINE":	[[2, 1, 9398102, 0, 0, 14, 0], [2, 1, 9398102, 0, 0, 0, -0], [2, 1, 9398102, 14, 0, 14, -0], [2, 1, 9398102, 0, -0, 14, -0]]
			},
			"ButtonHomeEnter":	{
				"FILL":	[[5, 0, 0, 15586496, 1, 1, 15, 7], [5, 0, 0, 14135957, 1, 7, 15, -1], [4, 0, 0, 6507330, 5, 7, 9, 3, 9, -3]],
				"LINE":	[[2, 1, 11562556, 0, 0, 14, 0], [2, 1, 11562556, 0, 0, 0, -0], [2, 1, 11562556, 14, 0, 14, -0], [2, 1, 11562556, 0, -0, 14, -0]]
			},
			"ButtonHomePress":	{
				"FILL":	[[5, 0, 0, 15055772, 1, 1, 15, 7], [5, 0, 0, 14520929, 1, 7, 15, -1], [4, 0, 0, 6507330, 5, 7, 9, 3, 9, -3]],
				"LINE":	[[2, 1, 9062679, 0, 0, 14, 0], [2, 1, 9062679, 0, 0, 0, -0], [2, 1, 9062679, 14, 0, 14, -0], [2, 1, 9062679, 0, -0, 14, -0]]
			},
			"WIDTH":	15,
			"RECTBUTTONDOWN":	[-15, -15, -0, -0],
			"RECTBUTTONUP":	[0, -15, 15, -0]
		},
		"VScrollbar":	{
			"Anchor":	{
				"FILL":	[[9, -0, 16315891, 15590365, 1, 1, 6, -1], [9, -0, 14734022, 12824220, 7, 1, -1, -1]],
				"LINE":	[[2, 1, 9398101, 0, 0, 0, -0], [2, 1, 9398101, 0, 0, -0, 0], [2, 1, 9398101, 0, -0, -0, -0], [2, 1, 9398101, -0, 0, -0, -0], [2, 1, 9274235, 4, [0.500000, -2], -3, [0.500000, -2]], [2, 1, 9274235, 4, 0.500000, -3, 0.500000], [2, 1, 9274235, 4, [0.500000, 2], -3, [0.500000, 2]], [2, 1, 9274235, 4, [0.500000, 4], -3, [0.500000, 4]], [2, 1, 16777215, 3, [0.500000, -3], -4, [0.500000, -3]], [2, 1, 16777215, 3, [0.500000, -1], -4, [0.500000, -1]], [2, 1, 16777215, 3, [0.500000, 1], -4, [0.500000, 1]], [2, 1, 16777215, 3, [0.500000, 3], -4, [0.500000, 3]]]
			},
			"AnchorEnter":	{
				"FILL":	[[9, -0, 16442064, 16178119, 1, 1, 6, -1], [9, -0, 15779494, 14727579, 7, 1, -1, -1]],
				"LINE":	[[2, 1, 11562556, 0, 0, 0, -0], [2, 1, 11562556, 0, 0, -0, 0], [2, 1, 11562556, 0, -0, -0, -0], [2, 1, 11562556, -0, 0, -0, -0], [2, 1, 9274235, 4, [0.500000, -2], -3, [0.500000, -2]], [2, 1, 9274235, 4, 0.500000, -3, 0.500000], [2, 1, 9274235, 4, [0.500000, 2], -3, [0.500000, 2]], [2, 1, 9274235, 4, [0.500000, 4], -3, [0.500000, 4]], [2, 1, 16777215, 3, [0.500000, -3], -4, [0.500000, -3]], [2, 1, 16777215, 3, [0.500000, -1], -4, [0.500000, -1]], [2, 1, 16777215, 3, [0.500000, 1], -4, [0.500000, 1]], [2, 1, 16777215, 3, [0.500000, 3], -4, [0.500000, 3]]]
			},
			"AnchorPress":	{
				"FILL":	[[9, -0, 16240303, 15910306, 1, 1, 6, -1], [9, -0, 15377003, 14325604, 7, 1, -1, -1]],
				"LINE":	[[2, 1, 9062679, 0, 0, 0, -0], [2, 1, 9062679, 0, 0, -0, 0], [2, 1, 9062679, 0, -0, -0, -0], [2, 1, 9062679, -0, 0, -0, -0], [2, 1, 16777215, 4, [0.500000, -2], -3, [0.500000, -2]], [2, 1, 16777215, 4, 0.500000, -3, 0.500000], [2, 1, 16777215, 4, [0.500000, 2], -3, [0.500000, 2]], [2, 1, 16777215, 4, [0.500000, 4], -3, [0.500000, 4]], [2, 1, 9274235, 3, [0.500000, -3], -4, [0.500000, -3]], [2, 1, 9274235, 3, [0.500000, -1], -4, [0.500000, -1]], [2, 1, 9274235, 3, [0.500000, 1], -4, [0.500000, 1]], [2, 1, 9274235, 3, [0.500000, 3], -4, [0.500000, 3]]]
			},
			"BackGround":	{
				"FILL":	[[5, 0, 0, 12753016, 0, 0, -0, -0]],
				"LINE":	[[2, 1, 12621687, 0, 0, 0, -0], [2, 1, 12424309, 1, 0, 1, -0], [2, 1, 12950909, -1, 0, -1, -0], [2, 1, 13148804, -0, 0, -0, -0]]
			},
			"ButtonEnd":	{
				"FILL":	[[5, 0, 0, 15854825, 1, -15, 7, -1], [5, 0, 0, 14140339, 7, -15, -1, -1], [4, 0, 0, 6507330, 7, -4, 3, -8, -3, -8]],
				"LINE":	[[2, 1, 9398102, 0, -0, 0, -14], [2, 1, 9398102, 0, -0, -0, -0], [2, 1, 9398102, 0, -14, -0, -14], [2, 1, 9398102, -0, -0, -0, -14]]
			},
			"ButtonEndEnter":	{
				"FILL":	[[5, 0, 0, 15586496, 1, -15, 7, -1], [5, 0, 0, 14135957, 7, -15, -1, -1], [4, 0, 0, 6507330, 7, -4, 3, -8, -3, -8]],
				"LINE":	[[2, 1, 11562556, 0, -0, 0, -14], [2, 1, 11562556, 0, -0, -0, -0], [2, 1, 11562556, 0, -14, -0, -14], [2, 1, 11562556, -0, -0, -0, -14]]
			},
			"ButtonEndPress":	{
				"FILL":	[[5, 0, 0, 15055772, 1, -15, 7, -1], [5, 0, 0, 14520929, 7, -15, -1, -1], [4, 0, 0, 6507330, 7, -4, 3, -8, -3, -8]],
				"LINE":	[[2, 1, 9062679, 0, -0, 0, -14], [2, 1, 9062679, 0, -0, -0, -0], [2, 1, 9062679, 0, -14, -0, -14], [2, 1, 9062679, -0, -0, -0, -14]]
			},
			"ButtonHome":	{
				"FILL":	[[5, 0, 0, 15854825, 1, 1, 7, 15], [5, 0, 0, 14140339, 7, 1, -1, 15], [4, 0, 0, 6507330, 7, 4, 3, 9, -3, 9]],
				"LINE":	[[2, 1, 9398102, 0, 0, 0, 14], [2, 1, 9398102, 0, 0, -0, 0], [2, 1, 9398102, 0, 14, -0, 14], [2, 1, 9398102, -0, 0, -0, 14]]
			},
			"ButtonHomeEnter":	{
				"FILL":	[[5, 0, 0, 15586496, 1, 1, 7, 15], [5, 0, 0, 14135957, 7, 1, -1, 15], [4, 0, 0, 6507330, 7, 4, 3, 9, -3, 9]],